CityName,CityID
Kabul,1
Qandahar,2
Herat,3
Mazar-e-Sharif,4
Amsterdam,5
Rotterdam,6
Haag,7
Utrecht,8
Eindhoven,9
Tilburg,10
Groningen,11
Breda,12
Apeldoorn,13
Nijmegen,14
Enschede,15
Haarlem,16
Almere,17
Arnhem,18
Zaanstad,19
Â¥s-Hertogenbosch,20
Amersfoort,21
Maastricht,22
Dordrecht,23
Leiden,24
Haarlemmermeer,25
Zoetermeer,26
Emmen,27
Zwolle,28
Ede,29
Delft,30
Heerlen,31
Alkmaar,32
Willemstad,33
Tirana,34
Alger,35
Oran,36
Constantine,37
Annaba,38
Batna,39
SÃˆtif,40
Sidi_Bel_AbbÃ‹s,41
Skikda,42
Biskra,43
Blida_(el-Boulaida),44
BÃˆjaÃ”a,45
Mostaganem,46
TÃˆbessa,47
Tlemcen_(Tilimsen),48
BÃˆchar,49
Tiaret,50
Ech-Chleff_(el-Asnam),51
GhardaÃ”a,52
Tafuna,53
Fagatogo,54
Andorra_la_Vella,55
Luanda,56
Huambo,57
Lobito,58
Benguela,59
Namibe,60
South_Hill,61
The_Valley,62
Saint_JohnÂ¥s,63
Dubai,64
Abu_Dhabi,65
Sharja,66
al-Ayn,67
Ajman,68
Buenos_Aires,69
La_Matanza,70
CÃ›rdoba,71
Rosario,72
Lomas_de_Zamora,73
Quilmes,74
Almirante_Brown,75
La_Plata,76
Mar_del_Plata,77
San_Miguel_de_TucumÂ·n,78
LanË™s,79
Merlo,80
General_San_MartÃŒn,81
Salta,82
Moreno,83
Santa_FÃˆ,84
Avellaneda,85
Tres_de_Febrero,86
MorÃ›n,87
Florencio_Varela,88
San_Isidro,89
Tigre,90
Malvinas_Argentinas,91
Vicente_LÃ›pez,92
Berazategui,93
Corrientes,94
San_Miguel,95
BahÃŒa_Blanca,96
Esteban_EcheverrÃŒa,97
Resistencia,98
JosÃˆ_C._Paz,99
ParanÂ·,100
Godoy_Cruz,101
Posadas,102
GuaymallÃˆn,103
Santiago_del_Estero,104
San_Salvador_de_Jujuy,105
Hurlingham,106
NeuquÃˆn,107
ItuzaingÃ›,108
San_Fernando,109
Formosa,110
Las_Heras,111
La_Rioja,112
San_Fernando_del_Valle_de_Cata,113
RÃŒo_Cuarto,114
Comodoro_Rivadavia,115
Mendoza,116
San_NicolÂ·s_de_los_Arroyos,117
San_Juan,118
Escobar,119
Concordia,120
Pilar,121
San_Luis,122
Ezeiza,123
San_Rafael,124
Tandil,125
Yerevan,126
Gjumri,127
Vanadzor,128
Oranjestad,129
Sydney,130
Melbourne,131
Brisbane,132
Perth,133
Adelaide,134
Canberra,135
Gold_Coast,136
Newcastle,137
Central_Coast,138
Wollongong,139
Hobart,140
Geelong,141
Townsville,142
Cairns,143
Baku,144
Gâ€°ncâ€°,145
Sumqayit,146
Mingâ€°Ã�evir,147
Nassau,148
al-Manama,149
Dhaka,150
Chittagong,151
Khulna,152
Rajshahi,153
Narayanganj,154
Rangpur,155
Mymensingh,156
Barisal,157
Tungi,158
Jessore,159
Comilla,160
Nawabganj,161
Dinajpur,162
Bogra,163
Sylhet,164
Brahmanbaria,165
Tangail,166
Jamalpur,167
Pabna,168
Naogaon,169
Sirajganj,170
Narsinghdi,171
Saidpur,172
Gazipur,173
Bridgetown,174
Antwerpen,175
Gent,176
Charleroi,177
LiÃ‹ge,178
Bruxelles_[Brussel],179
Brugge,180
Schaerbeek,181
Namur,182
Mons,183
Belize_City,184
Belmopan,185
Cotonou,186
Porto-Novo,187
Djougou,188
Parakou,189
Saint_George,190
Hamilton,191
Thimphu,192
Santa_Cruz_de_la_Sierra,193
La_Paz,194
El_Alto,195
Cochabamba,196
Oruro,197
Sucre,198
PotosÃŒ,199
Tarija,200
Sarajevo,201
Banja_Luka,202
Zenica,203
Gaborone,204
Francistown,205
Sâ€žo_Paulo,206
Rio_de_Janeiro,207
Salvador,208
Belo_Horizonte,209
Fortaleza,210
BrasÃŒlia,211
Curitiba,212
Recife,213
Porto_Alegre,214
Manaus,215
BelÃˆm,216
Guarulhos,217
Goiâ€šnia,218
Campinas,219
Sâ€žo_GonÃ�alo,220
Nova_IguaÃ�u,221
Sâ€žo_LuÃŒs,222
MaceiÃ›,223
Duque_de_Caxias,224
Sâ€žo_Bernardo_do_Campo,225
Teresina,226
Natal,227
Osasco,228
Campo_Grande,229
Santo_AndrÃˆ,230
Joâ€žo_Pessoa,231
Jaboatâ€žo_dos_Guararapes,232
Contagem,233
Sâ€žo_JosÃˆ_dos_Campos,234
Uberlâ€šndia,235
Feira_de_Santana,236
Ribeirâ€žo_Preto,237
Sorocaba,238
NiterÃ›i,239
CuiabÂ·,240
Juiz_de_Fora,241
Aracaju,242
Sâ€žo_Joâ€žo_de_Meriti,243
Londrina,244
Joinville,245
Belford_Roxo,246
Santos,247
Ananindeua,248
Campos_dos_Goytacazes,249
MauÂ·,250
CarapicuÃŒba,251
Olinda,252
Campina_Grande,253
Sâ€žo_JosÃˆ_do_Rio_Preto,254
Caxias_do_Sul,255
Moji_das_Cruzes,256
Diadema,257
Aparecida_de_Goiâ€šnia,258
Piracicaba,259
Cariacica,260
Vila_Velha,261
Pelotas,262
Bauru,263
Porto_Velho,264
Serra,265
Betim,266
JundÃŒaÃŒ,267
Canoas,268
Franca,269
Sâ€žo_Vicente,270
MaringÂ·,271
Montes_Claros,272
AnÂ·polis,273
FlorianÃ›polis,274
PetrÃ›polis,275
Itaquaquecetuba,276
VitÃ›ria,277
Ponta_Grossa,278
Rio_Branco,279
Foz_do_IguaÃ�u,280
MacapÂ·,281
IlhÃˆus,282
VitÃ›ria_da_Conquista,283
Uberaba,284
Paulista,285
Limeira,286
Blumenau,287
Caruaru,288
SantarÃˆm,289
Volta_Redonda,290
Novo_Hamburgo,291
Caucaia,292
Santa_Maria,293
Cascavel,294
GuarujÂ·,295
Ribeirâ€žo_das_Neves,296
Governador_Valadares,297
TaubatÃˆ,298
Imperatriz,299
GravataÃŒ,300
Embu,301
MossorÃ›,302
VÂ·rzea_Grande,303
Petrolina,304
Barueri,305
Viamâ€žo,306
Ipatinga,307
Juazeiro,308
Juazeiro_do_Norte,309
Taboâ€žo_da_Serra,310
Sâ€žo_JosÃˆ_dos_Pinhais,311
MagÃˆ,312
Suzano,313
Sâ€žo_Leopoldo,314
MarÃŒlia,315
Sâ€žo_Carlos,316
SumarÃˆ,317
Presidente_Prudente,318
DivinÃ›polis,319
Sete_Lagoas,320
Rio_Grande,321
Itabuna,322
JequiÃˆ,323
Arapiraca,324
Colombo,325
Americana,326
Alvorada,327
Araraquara,328
ItaboraÃŒ,329
Santa_BÂ·rbara_dÂ¥Oeste,330
Nova_Friburgo,331
JacareÃŒ,332
AraÃ�atuba,333
Barra_Mansa,334
Praia_Grande,335
MarabÂ·,336
CriciË™ma,337
Boa_Vista,338
Passo_Fundo,339
Dourados,340
Santa_Luzia,341
Rio_Claro,342
MaracanaË™,343
Guarapuava,344
RondonÃ›polis,345
Sâ€žo_JosÃˆ,346
Cachoeiro_de_Itapemirim,347
NilÃ›polis,348
Itapevi,349
Cabo_de_Santo_Agostinho,350
CamaÃ�ari,351
Sobral,352
ItajaÃŒ,353
ChapecÃ›,354
Cotia,355
Lages,356
Ferraz_de_Vasconcelos,357
Indaiatuba,358
Hortolâ€šndia,359
Caxias,360
Sâ€žo_Caetano_do_Sul,361
Itu,362
Nossa_Senhora_do_Socorro,363
ParnaÃŒba,364
PoÃ�os_de_Caldas,365
TeresÃ›polis,366
Barreiras,367
Castanhal,368
Alagoinhas,369
Itapecerica_da_Serra,370
Uruguaiana,371
ParanaguÂ·,372
IbiritÃˆ,373
Timon,374
Luziâ€šnia,375
MacaÃˆ,376
TeÃ›filo_Otoni,377
Moji-GuaÃ�u,378
Palmas,379
Pindamonhangaba,380
Francisco_Morato,381
BagÃˆ,382
Sapucaia_do_Sul,383
Cabo_Frio,384
Itapetininga,385
Patos_de_Minas,386
Camaragibe,387
BraganÃ�a_Paulista,388
Queimados,389
AraguaÃŒna,390
Garanhuns,391
VitÃ›ria_de_Santo_Antâ€žo,392
Santa_Rita,393
Barbacena,394
Abaetetuba,395
JaË™,396
Lauro_de_Freitas,397
Franco_da_Rocha,398
Teixeira_de_Freitas,399
Varginha,400
Ribeirâ€žo_Pires,401
SabarÂ·,402
Catanduva,403
Rio_Verde,404
Botucatu,405
Colatina,406
Santa_Cruz_do_Sul,407
Linhares,408
Apucarana,409
Barretos,410
GuaratinguetÂ·,411
Cachoeirinha,412
CodÃ›,413
JaraguÂ·_do_Sul,414
Cubatâ€žo,415
Itabira,416
Itaituba,417
Araras,418
Resende,419
Atibaia,420
Pouso_Alegre,421
Toledo,422
Crato,423
Passos,424
Araguari,425
Sâ€žo_JosÃˆ_de_Ribamar,426
Pinhais,427
Sertâ€žozinho,428
Conselheiro_Lafaiete,429
Paulo_Afonso,430
Angra_dos_Reis,431
EunÂ·polis,432
Salto,433
Ourinhos,434
Parnamirim,435
Jacobina,436
Coronel_Fabriciano,437
Birigui,438
TatuÃŒ,439
Ji-ParanÂ·,440
Bacabal,441
CametÂ·,442
GuaÃŒba,443
Sâ€žo_LourenÃ�o_da_Mata,444
Santana_do_Livramento,445
Votorantim,446
Campo_Largo,447
Patos,448
Ituiutaba,449
CorumbÂ·,450
PalhoÃ�a,451
Barra_do_PiraÃŒ,452
Bento_GonÃ�alves,453
PoÂ·,454
Â¡guas_Lindas_de_GoiÂ·s,455
London,456
Birmingham,457
Glasgow,458
Liverpool,459
Edinburgh,460
Sheffield,461
Manchester,462
Leeds,463
Bristol,464
Cardiff,465
Coventry,466
Leicester,467
Bradford,468
Belfast,469
Nottingham,470
Kingston_upon_Hull,471
Plymouth,472
Stoke-on-Trent,473
Wolverhampton,474
Derby,475
Swansea,476
Southampton,477
Aberdeen,478
Northampton,479
Dudley,480
Portsmouth,481
Newcastle_upon_Tyne,482
Sunderland,483
Luton,484
Swindon,485
Southend-on-Sea,486
Walsall,487
Bournemouth,488
Peterborough,489
Brighton,490
Blackpool,491
Dundee,492
West_Bromwich,493
Reading,494
Oldbury/Smethwick_(Warley),495
Middlesbrough,496
Huddersfield,497
Oxford,498
Poole,499
Bolton,500
Blackburn,501
Newport,502
Preston,503
Stockport,504
Norwich,505
Rotherham,506
Cambridge,507
Watford,508
Ipswich,509
Slough,510
Exeter,511
Cheltenham,512
Gloucester,513
Saint_Helens,514
Sutton_Coldfield,515
York,516
Oldham,517
Basildon,518
Worthing,519
Chelmsford,520
Colchester,521
Crawley,522
Gillingham,523
Solihull,524
Rochdale,525
Birkenhead,526
Worcester,527
Hartlepool,528
Halifax,529
Woking/Byfleet,530
Southport,531
Maidstone,532
Eastbourne,533
Grimsby,534
Saint_Helier,535
Douglas,536
Road_Town,537
Bandar_Seri_Begawan,538
Sofija,539
Plovdiv,540
Varna,541
Burgas,542
Ruse,543
Stara_Zagora,544
Pleven,545
Sliven,546
Dobric,547
Ã¤umen,548
Ouagadougou,549
Bobo-Dioulasso,550
Koudougou,551
Bujumbura,552
George_Town,553
Santiago_de_Chile,554
Puente_Alto,555
ViÃ’a_del_Mar,556
ValparaÃŒso,557
Talcahuano,558
Antofagasta,559
San_Bernardo,560
Temuco,561
ConcepciÃ›n,562
Rancagua,563
Arica,564
Talca,565
ChillÂ·n,566
Iquique,567
Los_Angeles,568
Puerto_Montt,569
Coquimbo,570
Osorno,571
La_Serena,572
Calama,573
Valdivia,574
Punta_Arenas,575
CopiapÃ›,576
QuilpuÃˆ,577
CuricÃ›,578
Ovalle,579
Coronel,580
San_Pedro_de_la_Paz,581
Melipilla,582
Avarua,583
San_JosÃˆ,584
Djibouti,585
Roseau,586
Santo_Domingo_de_GuzmÂ·n,587
Santiago_de_los_Caballeros,588
La_Romana,589
San_Pedro_de_MacorÃŒs,590
San_Francisco_de_MacorÃŒs,591
San_Felipe_de_Puerto_Plata,592
Guayaquil,593
Quito,594
Cuenca,595
Machala,596
Santo_Domingo_de_los_Colorados,597
Portoviejo,598
Ambato,599
Manta,600
Duran_[Eloy_Alfaro],601
Ibarra,602
Quevedo,603
Milagro,604
Loja,605
RÃŒobamba,606
Esmeraldas,607
Cairo,608
Alexandria,609
Giza,610
Shubra_al-Khayma,611
Port_Said,612
Suez,613
al-Mahallat_al-Kubra,614
Tanta,615
al-Mansura,616
Luxor,617
Asyut,618
Bahtim,619
Zagazig,620
al-Faiyum,621
Ismailia,622
Kafr_al-Dawwar,623
Assuan,624
Damanhur,625
al-Minya,626
Bani_Suwayf,627
Qina,628
Sawhaj,629
Shibin_al-Kawm,630
Bulaq_al-Dakrur,631
Banha,632
Warraq_al-Arab,633
Kafr_al-Shaykh,634
Mallawi,635
Bilbays,636
Mit_Ghamr,637
al-Arish,638
Talkha,639
Qalyub,640
Jirja,641
Idfu,642
al-Hawamidiya,643
Disuq,644
San_Salvador,645
Santa_Ana,646
Mejicanos,647
Soyapango,648
San_Miguel,649
Nueva_San_Salvador,650
Apopa,651
Asmara,652
Madrid,653
Barcelona,654
Valencia,655
Sevilla,656
Zaragoza,657
MÂ·laga,658
Bilbao,659
Las_Palmas_de_Gran_Canaria,660
Murcia,661
Palma_de_Mallorca,662
Valladolid,663
CÃ›rdoba,664
Vigo,665
Alicante_[Alacant],666
GijÃ›n,667
LÂ¥Hospitalet_de_Llobregat,668
Granada,669
A_CoruÃ’a_(La_CoruÃ’a),670
Vitoria-Gasteiz,671
Santa_Cruz_de_Tenerife,672
Badalona,673
Oviedo,674
MÃ›stoles,675
Elche_[Elx],676
Sabadell,677
Santander,678
Jerez_de_la_Frontera,679
Pamplona_[IruÃ’a],680
Donostia-San_SebastiÂ·n,681
Cartagena,682
LeganÃˆs,683
Fuenlabrada,684
AlmerÃŒa,685
Terrassa,686
AlcalÂ·_de_Henares,687
Burgos,688
Salamanca,689
Albacete,690
Getafe,691
CÂ·diz,692
AlcorcÃ›n,693
Huelva,694
LeÃ›n,695
CastellÃ›n_de_la_Plana_[Castell,696
Badajoz,697
[San_CristÃ›bal_de]_la_Laguna,698
LogroÃ’o,699
Santa_Coloma_de_Gramenet,700
Tarragona,701
Lleida_(LÃˆrida),702
JaÃˆn,703
Ourense_(Orense),704
MatarÃ›,705
Algeciras,706
Marbella,707
Barakaldo,708
Dos_Hermanas,709
Santiago_de_Compostela,710
TorrejÃ›n_de_Ardoz,711
Cape_Town,712
Soweto,713
Johannesburg,714
Port_Elizabeth,715
Pretoria,716
Inanda,717
Durban,718
Vanderbijlpark,719
Kempton_Park,720
Alberton,721
Pinetown,722
Pietermaritzburg,723
Benoni,724
Randburg,725
Umlazi,726
Bloemfontein,727
Vereeniging,728
Wonderboom,729
Roodepoort,730
Boksburg,731
Klerksdorp,732
Soshanguve,733
Newcastle,734
East_London,735
Welkom,736
Kimberley,737
Uitenhage,738
Chatsworth,739
Mdantsane,740
Krugersdorp,741
Botshabelo,742
Brakpan,743
Witbank,744
Oberholzer,745
Germiston,746
Springs,747
Westonaria,748
Randfontein,749
Paarl,750
Potchefstroom,751
Rustenburg,752
Nigel,753
George,754
Ladysmith,755
Addis_Abeba,756
Dire_Dawa,757
Nazret,758
Gonder,759
Dese,760
Mekele,761
Bahir_Dar,762
Stanley,763
Suva,764
Quezon,765
Manila,766
Kalookan,767
Davao,768
Cebu,769
Zamboanga,770
Pasig,771
Valenzuela,772
Las_PiÃ’as,773
Antipolo,774
Taguig,775
Cagayan_de_Oro,776
ParaÃ’aque,777
Makati,778
Bacolod,779
General_Santos,780
Marikina,781
DasmariÃ’as,782
Muntinlupa,783
Iloilo,784
Pasay,785
Malabon,786
San_JosÃˆ_del_Monte,787
Bacoor,788
Iligan,789
Calamba,790
Mandaluyong,791
Butuan,792
Angeles,793
Tarlac,794
Mandaue,795
Baguio,796
Batangas,797
Cainta,798
San_Pedro,799
Navotas,800
Cabanatuan,801
San_Fernando,802
Lipa,803
Lapu-Lapu,804
San_Pablo,805
BiÃ’an,806
Taytay,807
Lucena,808
Imus,809
Olongapo,810
Binangonan,811
Santa_Rosa,812
Tagum,813
Tacloban,814
Malolos,815
Mabalacat,816
Cotabato,817
Meycauayan,818
Puerto_Princesa,819
Legazpi,820
Silang,821
Ormoc,822
San_Carlos,823
Kabankalan,824
Talisay,825
Valencia,826
Calbayog,827
Santa_Maria,828
Pagadian,829
Cadiz,830
Bago,831
Toledo,832
Naga,833
San_Mateo,834
Panabo,835
Koronadal,836
Marawi,837
Dagupan,838
Sagay,839
Roxas,840
Lubao,841
Digos,842
San_Miguel,843
Malaybalay,844
Tuguegarao,845
Ilagan,846
Baliuag,847
Surigao,848
San_Carlos,849
San_Juan_del_Monte,850
Tanauan,851
Concepcion,852
Rodriguez_(Montalban),853
Sariaya,854
Malasiqui,855
General_Mariano_Alvarez,856
Urdaneta,857
Hagonoy,858
San_Jose,859
Polomolok,860
Santiago,861
Tanza,862
Ozamis,863
Mexico,864
San_Jose,865
Silay,866
General_Trias,867
Tabaco,868
Cabuyao,869
Calapan,870
Mati,871
Midsayap,872
Cauayan,873
Gingoog,874
Dumaguete,875
San_Fernando,876
Arayat,877
Bayawan_(Tulong),878
Kidapawan,879
Daraga_(Locsin),880
Marilao,881
Malita,882
Dipolog,883
Cavite,884
Danao,885
Bislig,886
Talavera,887
Guagua,888
Bayambang,889
Nasugbu,890
Baybay,891
Capas,892
Sultan_Kudarat,893
Laoag,894
Bayugan,895
Malungon,896
Santa_Cruz,897
Sorsogon,898
Candelaria,899
Ligao,900
TÃ›rshavn,901
Libreville,902
Serekunda,903
Banjul,904
Tbilisi,905
Kutaisi,906
Rustavi,907
Batumi,908
Sohumi,909
Accra,910
Kumasi,911
Tamale,912
Tema,913
Sekondi-Takoradi,914
Gibraltar,915
Saint_GeorgeÂ¥s,916
Nuuk,917
Les_Abymes,918
Basse-Terre,919
Tamuning,920
AgaÃ’a,921
Ciudad_de_Guatemala,922
Mixco,923
Villa_Nueva,924
Quetzaltenango,925
Conakry,926
Bissau,927
Georgetown,928
Port-au-Prince,929
Carrefour,930
Delmas,931
Le-Cap-HaÃ”tien,932
Tegucigalpa,933
San_Pedro_Sula,934
La_Ceiba,935
Kowloon_and_New_Kowloon,936
Victoria,937
Longyearbyen,938
Jakarta,939
Surabaya,940
Bandung,941
Medan,942
Palembang,943
Tangerang,944
Semarang,945
Ujung_Pandang,946
Malang,947
Bandar_Lampung,948
Bekasi,949
Padang,950
Surakarta,951
Banjarmasin,952
Pekan_Baru,953
Denpasar,954
Yogyakarta,955
Pontianak,956
Samarinda,957
Jambi,958
Depok,959
Cimahi,960
Balikpapan,961
Manado,962
Mataram,963
Pekalongan,964
Tegal,965
Bogor,966
Ciputat,967
Pondokgede,968
Cirebon,969
Kediri,970
Ambon,971
Jember,972
Cilacap,973
Cimanggis,974
Pematang_Siantar,975
Purwokerto,976
Ciomas,977
Tasikmalaya,978
Madiun,979
Bengkulu,980
Karawang,981
Banda_Aceh,982
Palu,983
Pasuruan,984
Kupang,985
Tebing_Tinggi,986
Percut_Sei_Tuan,987
Binjai,988
Sukabumi,989
Waru,990
Pangkal_Pinang,991
Magelang,992
Blitar,993
Serang,994
Probolinggo,995
Cilegon,996
Cianjur,997
Ciparay,998
Lhokseumawe,999
Taman,1000
Depok,1001
Citeureup,1002
Pemalang,1003
Klaten,1004
Salatiga,1005
Cibinong,1006
Palangka_Raya,1007
Mojokerto,1008
Purwakarta,1009
Garut,1010
Kudus,1011
Kendari,1012
Jaya_Pura,1013
Gorontalo,1014
Majalaya,1015
Pondok_Aren,1016
Jombang,1017
Sunggal,1018
Batam,1019
Padang_Sidempuan,1020
Sawangan,1021
Banyuwangi,1022
Tanjung_Pinang,1023
Mumbai_(Bombay),1024
Delhi,1025
Calcutta_[Kolkata],1026
Chennai_(Madras),1027
Hyderabad,1028
Ahmedabad,1029
Bangalore,1030
Kanpur,1031
Nagpur,1032
Lucknow,1033
Pune,1034
Surat,1035
Jaipur,1036
Indore,1037
Bhopal,1038
Ludhiana,1039
Vadodara_(Baroda),1040
Kalyan,1041
Madurai,1042
Haora_(Howrah),1043
Varanasi_(Benares),1044
Patna,1045
Srinagar,1046
Agra,1047
Coimbatore,1048
Thane_(Thana),1049
Allahabad,1050
Meerut,1051
Vishakhapatnam,1052
Jabalpur,1053
Amritsar,1054
Faridabad,1055
Vijayawada,1056
Gwalior,1057
Jodhpur,1058
Nashik_(Nasik),1059
Hubli-Dharwad,1060
Solapur_(Sholapur),1061
Ranchi,1062
Bareilly,1063
Guwahati_(Gauhati),1064
Shambajinagar_(Aurangabad),1065
Cochin_(Kochi),1066
Rajkot,1067
Kota,1068
Thiruvananthapuram_(Trivandrum,1069
Pimpri-Chinchwad,1070
Jalandhar_(Jullundur),1071
Gorakhpur,1072
Chandigarh,1073
Mysore,1074
Aligarh,1075
Guntur,1076
Jamshedpur,1077
Ghaziabad,1078
Warangal,1079
Raipur,1080
Moradabad,1081
Durgapur,1082
Amravati,1083
Calicut_(Kozhikode),1084
Bikaner,1085
Bhubaneswar,1086
Kolhapur,1087
Kataka_(Cuttack),1088
Ajmer,1089
Bhavnagar,1090
Tiruchirapalli,1091
Bhilai,1092
Bhiwandi,1093
Saharanpur,1094
Ulhasnagar,1095
Salem,1096
Ujjain,1097
Malegaon,1098
Jamnagar,1099
Bokaro_Steel_City,1100
Akola,1101
Belgaum,1102
Rajahmundry,1103
Nellore,1104
Udaipur,1105
New_Bombay,1106
Bhatpara,1107
Gulbarga,1108
New_Delhi,1109
Jhansi,1110
Gaya,1111
Kakinada,1112
Dhule_(Dhulia),1113
Panihati,1114
Nanded_(Nander),1115
Mangalore,1116
Dehra_Dun,1117
Kamarhati,1118
Davangere,1119
Asansol,1120
Bhagalpur,1121
Bellary,1122
Barddhaman_(Burdwan),1123
Rampur,1124
Jalgaon,1125
Muzaffarpur,1126
Nizamabad,1127
Muzaffarnagar,1128
Patiala,1129
Shahjahanpur,1130
Kurnool,1131
Tiruppur_(Tirupper),1132
Rohtak,1133
South_Dum_Dum,1134
Mathura,1135
Chandrapur,1136
Barahanagar_(Baranagar),1137
Darbhanga,1138
Siliguri_(Shiliguri),1139
Raurkela,1140
Ambattur,1141
Panipat,1142
Firozabad,1143
Ichalkaranji,1144
Jammu,1145
Ramagundam,1146
Eluru,1147
Brahmapur,1148
Alwar,1149
Pondicherry,1150
Thanjavur,1151
Bihar_Sharif,1152
Tuticorin,1153
Imphal,1154
Latur,1155
Sagar,1156
Farrukhabad-cum-Fatehgarh,1157
Sangli,1158
Parbhani,1159
Nagar_Coil,1160
Bijapur,1161
Kukatpalle,1162
Bally,1163
Bhilwara,1164
Ratlam,1165
Avadi,1166
Dindigul,1167
Ahmadnagar,1168
Bilaspur,1169
Shimoga,1170
Kharagpur,1171
Mira_Bhayandar,1172
Vellore,1173
Jalna,1174
Burnpur,1175
Anantapur,1176
Allappuzha_(Alleppey),1177
Tirupati,1178
Karnal,1179
Burhanpur,1180
Hisar_(Hissar),1181
Tiruvottiyur,1182
Mirzapur-cum-Vindhyachal,1183
Secunderabad,1184
Nadiad,1185
Dewas,1186
Murwara_(Katni),1187
Ganganagar,1188
Vizianagaram,1189
Erode,1190
Machilipatnam_(Masulipatam),1191
Bhatinda_(Bathinda),1192
Raichur,1193
Agartala,1194
Arrah_(Ara),1195
Satna,1196
Lalbahadur_Nagar,1197
Aizawl,1198
Uluberia,1199
Katihar,1200
Cuddalore,1201
Hugli-Chinsurah,1202
Dhanbad,1203
Raiganj,1204
Sambhal,1205
Durg,1206
Munger_(Monghyr),1207
Kanchipuram,1208
North_Dum_Dum,1209
Karimnagar,1210
Bharatpur,1211
Sikar,1212
Hardwar_(Haridwar),1213
Dabgram,1214
Morena,1215
Noida,1216
Hapur,1217
Bhusawal,1218
Khandwa,1219
Yamuna_Nagar,1220
Sonipat_(Sonepat),1221
Tenali,1222
Raurkela_Civil_Township,1223
Kollam_(Quilon),1224
Kumbakonam,1225
Ingraj_Bazar_(English_Bazar),1226
Timkur,1227
Amroha,1228
Serampore,1229
Chapra,1230
Pali,1231
Maunath_Bhanjan,1232
Adoni,1233
Jaunpur,1234
Tirunelveli,1235
Bahraich,1236
Gadag_Betigeri,1237
Proddatur,1238
Chittoor,1239
Barrackpur,1240
Bharuch_(Broach),1241
Naihati,1242
Shillong,1243
Sambalpur,1244
Junagadh,1245
Rae_Bareli,1246
Rewa,1247
Gurgaon,1248
Khammam,1249
Bulandshahr,1250
Navsari,1251
Malkajgiri,1252
Midnapore_(Medinipur),1253
Miraj,1254
Raj_Nandgaon,1255
Alandur,1256
Puri,1257
Navadwip,1258
Sirsa,1259
Korba,1260
Faizabad,1261
Etawah,1262
Pathankot,1263
Gandhinagar,1264
Palghat_(Palakkad),1265
Veraval,1266
Hoshiarpur,1267
Ambala,1268
Sitapur,1269
Bhiwani,1270
Cuddapah,1271
Bhimavaram,1272
Krishnanagar,1273
Chandannagar,1274
Mandya,1275
Dibrugarh,1276
Nandyal,1277
Balurghat,1278
Neyveli,1279
Fatehpur,1280
Mahbubnagar,1281
Budaun,1282
Porbandar,1283
Silchar,1284
Berhampore_(Baharampur),1285
Purnea_(Purnia),1286
Bankura,1287
Rajapalaiyam,1288
Titagarh,1289
Halisahar,1290
Hathras,1291
Bhir_(Bid),1292
Pallavaram,1293
Anand,1294
Mango,1295
Santipur,1296
Bhind,1297
Gondiya,1298
Tiruvannamalai,1299
Yeotmal_(Yavatmal),1300
Kulti-Barakar,1301
Moga,1302
Shivapuri,1303
Bidar,1304
Guntakal,1305
Unnao,1306
Barasat,1307
Tambaram,1308
Abohar,1309
Pilibhit,1310
Valparai,1311
Gonda,1312
Surendranagar,1313
Qutubullapur,1314
Beawar,1315
Hindupur,1316
Gandhidham,1317
Haldwani-cum-Kathgodam,1318
Tellicherry_(Thalassery),1319
Wardha,1320
Rishra,1321
Bhuj,1322
Modinagar,1323
Gudivada,1324
Basirhat,1325
Uttarpara-Kotrung,1326
Ongole,1327
North_Barrackpur,1328
Guna,1329
Haldia,1330
Habra,1331
Kanchrapara,1332
Tonk,1333
Champdani,1334
Orai,1335
Pudukkottai,1336
Sasaram,1337
Hazaribag,1338
Palayankottai,1339
Banda,1340
Godhra,1341
Hospet,1342
Ashoknagar-Kalyangarh,1343
Achalpur,1344
Patan,1345
Mandasor,1346
Damoh,1347
Satara,1348
Meerut_Cantonment,1349
Dehri,1350
Delhi_Cantonment,1351
Chhindwara,1352
Bansberia,1353
Nagaon,1354
Kanpur_Cantonment,1355
Vidisha,1356
Bettiah,1357
Purulia,1358
Hassan,1359
Ambala_Sadar,1360
Baidyabati,1361
Morvi,1362
Raigarh,1363
Vejalpur,1364
Baghdad,1365
Mosul,1366
Irbil,1367
Kirkuk,1368
Basra,1369
al-Sulaymaniya,1370
al-Najaf,1371
Karbala,1372
al-Hilla,1373
al-Nasiriya,1374
al-Amara,1375
al-Diwaniya,1376
al-Ramadi,1377
al-Kut,1378
Baquba,1379
Teheran,1380
Mashhad,1381
Esfahan,1382
Tabriz,1383
Shiraz,1384
Karaj,1385
Ahvaz,1386
Qom,1387
Kermanshah,1388
Urmia,1389
Zahedan,1390
Rasht,1391
Hamadan,1392
Kerman,1393
Arak,1394
Ardebil,1395
Yazd,1396
Qazvin,1397
Zanjan,1398
Sanandaj,1399
Bandar-e-Abbas,1400
Khorramabad,1401
Eslamshahr,1402
Borujerd,1403
Abadan,1404
Dezful,1405
Kashan,1406
Sari,1407
Gorgan,1408
Najafabad,1409
Sabzevar,1410
Khomeynishahr,1411
Amol,1412
Neyshabur,1413
Babol,1414
Khoy,1415
Malayer,1416
Bushehr,1417
Qaemshahr,1418
Qarchak,1419
Qods,1420
Sirjan,1421
Bojnurd,1422
Maragheh,1423
Birjand,1424
Ilam,1425
Bukan,1426
Masjed-e-Soleyman,1427
Saqqez,1428
Gonbad-e_Qabus,1429
Saveh,1430
Mahabad,1431
Varamin,1432
Andimeshk,1433
Khorramshahr,1434
Shahrud,1435
Marv_Dasht,1436
Zabol,1437
Shahr-e_Kord,1438
Bandar-e_Anzali,1439
Rafsanjan,1440
Marand,1441
Torbat-e_Heydariyeh,1442
Jahrom,1443
Semnan,1444
Miandoab,1445
Qomsheh,1446
Dublin,1447
Cork,1448
ReykjavÃŒk,1449
Jerusalem,1450
Tel_Aviv-Jaffa,1451
Haifa,1452
Rishon_Le_Ziyyon,1453
Beerseba,1454
Holon,1455
Petah_Tiqwa,1456
Ashdod,1457
Netanya,1458
Bat_Yam,1459
Bene_Beraq,1460
Ramat_Gan,1461
Ashqelon,1462
Rehovot,1463
Roma,1464
Milano,1465
Napoli,1466
Torino,1467
Palermo,1468
Genova,1469
Bologna,1470
Firenze,1471
Catania,1472
Bari,1473
Venezia,1474
Messina,1475
Verona,1476
Trieste,1477
Padova,1478
Taranto,1479
Brescia,1480
Reggio_di_Calabria,1481
Modena,1482
Prato,1483
Parma,1484
Cagliari,1485
Livorno,1486
Perugia,1487
Foggia,1488
Reggio_nellÂ¥_Emilia,1489
Salerno,1490
Ravenna,1491
Ferrara,1492
Rimini,1493
Syrakusa,1494
Sassari,1495
Monza,1496
Bergamo,1497
Pescara,1498
Latina,1499
Vicenza,1500
Terni,1501
ForlÃ�,1502
Trento,1503
Novara,1504
Piacenza,1505
Ancona,1506
Lecce,1507
Bolzano,1508
Catanzaro,1509
La_Spezia,1510
Udine,1511
Torre_del_Greco,1512
Andria,1513
Brindisi,1514
Giugliano_in_Campania,1515
Pisa,1516
Barletta,1517
Arezzo,1518
Alessandria,1519
Cesena,1520
Pesaro,1521
Dili,1522
Wien,1523
Graz,1524
Linz,1525
Salzburg,1526
Innsbruck,1527
Klagenfurt,1528
Spanish_Town,1529
Kingston,1530
Portmore,1531
Tokyo,1532
Jokohama_[Yokohama],1533
Osaka,1534
Nagoya,1535
Sapporo,1536
Kioto,1537
Kobe,1538
Fukuoka,1539
Kawasaki,1540
Hiroshima,1541
Kitakyushu,1542
Sendai,1543
Chiba,1544
Sakai,1545
Kumamoto,1546
Okayama,1547
Sagamihara,1548
Hamamatsu,1549
Kagoshima,1550
Funabashi,1551
Higashiosaka,1552
Hachioji,1553
Niigata,1554
Amagasaki,1555
Himeji,1556
Shizuoka,1557
Urawa,1558
Matsuyama,1559
Matsudo,1560
Kanazawa,1561
Kawaguchi,1562
Ichikawa,1563
Omiya,1564
Utsunomiya,1565
Oita,1566
Nagasaki,1567
Yokosuka,1568
Kurashiki,1569
Gifu,1570
Hirakata,1571
Nishinomiya,1572
Toyonaka,1573
Wakayama,1574
Fukuyama,1575
Fujisawa,1576
Asahikawa,1577
Machida,1578
Nara,1579
Takatsuki,1580
Iwaki,1581
Nagano,1582
Toyohashi,1583
Toyota,1584
Suita,1585
Takamatsu,1586
Koriyama,1587
Okazaki,1588
Kawagoe,1589
Tokorozawa,1590
Toyama,1591
Kochi,1592
Kashiwa,1593
Akita,1594
Miyazaki,1595
Koshigaya,1596
Naha,1597
Aomori,1598
Hakodate,1599
Akashi,1600
Yokkaichi,1601
Fukushima,1602
Morioka,1603
Maebashi,1604
Kasugai,1605
Otsu,1606
Ichihara,1607
Yao,1608
Ichinomiya,1609
Tokushima,1610
Kakogawa,1611
Ibaraki,1612
Neyagawa,1613
Shimonoseki,1614
Yamagata,1615
Fukui,1616
Hiratsuka,1617
Mito,1618
Sasebo,1619
Hachinohe,1620
Takasaki,1621
Shimizu,1622
Kurume,1623
Fuji,1624
Soka,1625
Fuchu,1626
Chigasaki,1627
Atsugi,1628
Numazu,1629
Ageo,1630
Yamato,1631
Matsumoto,1632
Kure,1633
Takarazuka,1634
Kasukabe,1635
Chofu,1636
Odawara,1637
Kofu,1638
Kushiro,1639
Kishiwada,1640
Hitachi,1641
Nagaoka,1642
Itami,1643
Uji,1644
Suzuka,1645
Hirosaki,1646
Ube,1647
Kodaira,1648
Takaoka,1649
Obihiro,1650
Tomakomai,1651
Saga,1652
Sakura,1653
Kamakura,1654
Mitaka,1655
Izumi,1656
Hino,1657
Hadano,1658
Ashikaga,1659
Tsu,1660
Sayama,1661
Yachiyo,1662
Tsukuba,1663
Tachikawa,1664
Kumagaya,1665
Moriguchi,1666
Otaru,1667
Anjo,1668
Narashino,1669
Oyama,1670
Ogaki,1671
Matsue,1672
Kawanishi,1673
Hitachinaka,1674
Niiza,1675
Nagareyama,1676
Tottori,1677
Tama,1678
Iruma,1679
Ota,1680
Omuta,1681
Komaki,1682
Ome,1683
Kadoma,1684
Yamaguchi,1685
Higashimurayama,1686
Yonago,1687
Matsubara,1688
Musashino,1689
Tsuchiura,1690
Joetsu,1691
Miyakonojo,1692
Misato,1693
Kakamigahara,1694
Daito,1695
Seto,1696
Kariya,1697
Urayasu,1698
Beppu,1699
Niihama,1700
Minoo,1701
Fujieda,1702
Abiko,1703
Nobeoka,1704
Tondabayashi,1705
Ueda,1706
Kashihara,1707
Matsusaka,1708
Isesaki,1709
Zama,1710
Kisarazu,1711
Noda,1712
Ishinomaki,1713
Fujinomiya,1714
Kawachinagano,1715
Imabari,1716
Aizuwakamatsu,1717
Higashihiroshima,1718
Habikino,1719
Ebetsu,1720
Hofu,1721
Kiryu,1722
Okinawa,1723
Yaizu,1724
Toyokawa,1725
Ebina,1726
Asaka,1727
Higashikurume,1728
Ikoma,1729
Kitami,1730
Koganei,1731
Iwatsuki,1732
Mishima,1733
Handa,1734
Muroran,1735
Komatsu,1736
Yatsushiro,1737
Iida,1738
Tokuyama,1739
Kokubunji,1740
Akishima,1741
Iwakuni,1742
Kusatsu,1743
Kuwana,1744
Sanda,1745
Hikone,1746
Toda,1747
Tajimi,1748
Ikeda,1749
Fukaya,1750
Ise,1751
Sakata,1752
Kasuga,1753
Kamagaya,1754
Tsuruoka,1755
Hoya,1756
Nishio,1757
Tokai,1758
Inazawa,1759
Sakado,1760
Isehara,1761
Takasago,1762
Fujimi,1763
Urasoe,1764
Yonezawa,1765
Konan,1766
Yamatokoriyama,1767
Maizuru,1768
Onomichi,1769
Higashimatsuyama,1770
Kimitsu,1771
Isahaya,1772
Kanuma,1773
Izumisano,1774
Kameoka,1775
Mobara,1776
Narita,1777
Kashiwazaki,1778
Tsuyama,1779
Sanaa,1780
Aden,1781
Taizz,1782
Hodeida,1783
al-Mukalla,1784
Ibb,1785
Amman,1786
al-Zarqa,1787
Irbid,1788
al-Rusayfa,1789
Wadi_al-Sir,1790
Flying_Fish_Cove,1791
Beograd,1792
Novi_Sad,1793
NiÃ¶,1794
PriÃ¶tina,1795
Kragujevac,1796
Podgorica,1797
Subotica,1798
Prizren,1799
Phnom_Penh,1800
Battambang,1801
Siem_Reap,1802
Douala,1803
YaoundÃˆ,1804
Garoua,1805
Maroua,1806
Bamenda,1807
Bafoussam,1808
Nkongsamba,1809
MontrÃˆal,1810
Calgary,1811
Toronto,1812
North_York,1813
Winnipeg,1814
Edmonton,1815
Mississauga,1816
Scarborough,1817
Vancouver,1818
Etobicoke,1819
London,1820
Hamilton,1821
Ottawa,1822
Laval,1823
Surrey,1824
Brampton,1825
Windsor,1826
Saskatoon,1827
Kitchener,1828
Markham,1829
Regina,1830
Burnaby,1831
QuÃˆbec,1832
York,1833
Richmond,1834
Vaughan,1835
Burlington,1836
Oshawa,1837
Oakville,1838
Saint_Catharines,1839
Longueuil,1840
Richmond_Hill,1841
Thunder_Bay,1842
Nepean,1843
Cape_Breton,1844
East_York,1845
Halifax,1846
Cambridge,1847
Gloucester,1848
Abbotsford,1849
Guelph,1850
Saint_JohnÂ¥s,1851
Coquitlam,1852
Saanich,1853
Gatineau,1854
Delta,1855
Sudbury,1856
Kelowna,1857
Barrie,1858
Praia,1859
Almaty,1860
Qaraghandy,1861
Shymkent,1862
Taraz,1863
Astana,1864
Ã·skemen,1865
Pavlodar,1866
Semey,1867
AqtË†be,1868
Qostanay,1869
Petropavl,1870
Oral,1871
Temirtau,1872
Qyzylorda,1873
Aqtau,1874
Atyrau,1875
Ekibastuz,1876
KË†kshetau,1877
Rudnyy,1878
Taldyqorghan,1879
Zhezqazghan,1880
Nairobi,1881
Mombasa,1882
Kisumu,1883
Nakuru,1884
Machakos,1885
Eldoret,1886
Meru,1887
Nyeri,1888
Bangui,1889
Shanghai,1890
Peking,1891
Chongqing,1892
Tianjin,1893
Wuhan,1894
Harbin,1895
Shenyang,1896
Kanton_[Guangzhou],1897
Chengdu,1898
Nanking_[Nanjing],1899
Changchun,1900
XiÂ¥an,1901
Dalian,1902
Qingdao,1903
Jinan,1904
Hangzhou,1905
Zhengzhou,1906
Shijiazhuang,1907
Taiyuan,1908
Kunming,1909
Changsha,1910
Nanchang,1911
Fuzhou,1912
Lanzhou,1913
Guiyang,1914
Ningbo,1915
Hefei,1916
UrumtÃ¶i_[â€¹rÂ¸mqi],1917
Anshan,1918
Fushun,1919
Nanning,1920
Zibo,1921
Qiqihar,1922
Jilin,1923
Tangshan,1924
Baotou,1925
Shenzhen,1926
Hohhot,1927
Handan,1928
Wuxi,1929
Xuzhou,1930
Datong,1931
Yichun,1932
Benxi,1933
Luoyang,1934
Suzhou,1935
Xining,1936
Huainan,1937
Jixi,1938
Daqing,1939
Fuxin,1940
Amoy_[Xiamen],1941
Liuzhou,1942
Shantou,1943
Jinzhou,1944
Mudanjiang,1945
Yinchuan,1946
Changzhou,1947
Zhangjiakou,1948
Dandong,1949
Hegang,1950
Kaifeng,1951
Jiamusi,1952
Liaoyang,1953
Hengyang,1954
Baoding,1955
Hunjiang,1956
Xinxiang,1957
Huangshi,1958
Haikou,1959
Yantai,1960
Bengbu,1961
Xiangtan,1962
Weifang,1963
Wuhu,1964
Pingxiang,1965
Yingkou,1966
Anyang,1967
Panzhihua,1968
Pingdingshan,1969
Xiangfan,1970
Zhuzhou,1971
Jiaozuo,1972
Wenzhou,1973
Zhangjiang,1974
Zigong,1975
Shuangyashan,1976
Zaozhuang,1977
Yakeshi,1978
Yichang,1979
Zhenjiang,1980
Huaibei,1981
Qinhuangdao,1982
Guilin,1983
Liupanshui,1984
Panjin,1985
Yangquan,1986
Jinxi,1987
Liaoyuan,1988
Lianyungang,1989
Xianyang,1990
TaiÂ¥an,1991
Chifeng,1992
Shaoguan,1993
Nantong,1994
Leshan,1995
Baoji,1996
Linyi,1997
Tonghua,1998
Siping,1999
Changzhi,2000
Tengzhou,2001
Chaozhou,2002
Yangzhou,2003
Dongwan,2004
MaÂ¥anshan,2005
Foshan,2006
Yueyang,2007
Xingtai,2008
Changde,2009
Shihezi,2010
Yancheng,2011
Jiujiang,2012
Dongying,2013
Shashi,2014
Xintai,2015
Jingdezhen,2016
Tongchuan,2017
Zhongshan,2018
Shiyan,2019
Tieli,2020
Jining,2021
Wuhai,2022
Mianyang,2023
Luzhou,2024
Zunyi,2025
Shizuishan,2026
Neijiang,2027
Tongliao,2028
Tieling,2029
Wafangdian,2030
Anqing,2031
Shaoyang,2032
Laiwu,2033
Chengde,2034
Tianshui,2035
Nanyang,2036
Cangzhou,2037
Yibin,2038
Huaiyin,2039
Dunhua,2040
Yanji,2041
Jiangmen,2042
Tongling,2043
Suihua,2044
Gongziling,2045
Xiantao,2046
Chaoyang,2047
Ganzhou,2048
Huzhou,2049
Baicheng,2050
Shangzi,2051
Yangjiang,2052
Qitaihe,2053
Gejiu,2054
Jiangyin,2055
Hebi,2056
Jiaxing,2057
Wuzhou,2058
Meihekou,2059
Xuchang,2060
Liaocheng,2061
Haicheng,2062
Qianjiang,2063
Baiyin,2064
BeiÂ¥an,2065
Yixing,2066
Laizhou,2067
Qaramay,2068
Acheng,2069
Dezhou,2070
Nanping,2071
Zhaoqing,2072
Beipiao,2073
Fengcheng,2074
Fuyu,2075
Xinyang,2076
Dongtai,2077
Yuci,2078
Honghu,2079
Ezhou,2080
Heze,2081
Daxian,2082
Linfen,2083
Tianmen,2084
Yiyang,2085
Quanzhou,2086
Rizhao,2087
Deyang,2088
Guangyuan,2089
Changshu,2090
Zhangzhou,2091
Hailar,2092
Nanchong,2093
Jiutai,2094
Zhaodong,2095
Shaoxing,2096
Fuyang,2097
Maoming,2098
Qujing,2099
Ghulja,2100
Jiaohe,2101
Puyang,2102
Huadian,2103
Jiangyou,2104
Qashqar,2105
Anshun,2106
Fuling,2107
Xinyu,2108
Hanzhong,2109
Danyang,2110
Chenzhou,2111
Xiaogan,2112
Shangqiu,2113
Zhuhai,2114
Qingyuan,2115
Aqsu,2116
Jining,2117
Xiaoshan,2118
Zaoyang,2119
Xinghua,2120
Hami,2121
Huizhou,2122
Jinmen,2123
Sanming,2124
Ulanhot,2125
Korla,2126
Wanxian,2127
RuiÂ¥an,2128
Zhoushan,2129
Liangcheng,2130
Jiaozhou,2131
Taizhou,2132
Suzhou,2133
Yichun,2134
Taonan,2135
Pingdu,2136
JiÂ¥an,2137
Longkou,2138
Langfang,2139
Zhoukou,2140
Suining,2141
Yulin,2142
Jinhua,2143
LiuÂ¥an,2144
Shuangcheng,2145
Suizhou,2146
Ankang,2147
Weinan,2148
Longjing,2149
DaÂ¥an,2150
Lengshuijiang,2151
Laiyang,2152
Xianning,2153
Dali,2154
Anda,2155
Jincheng,2156
Longyan,2157
Xichang,2158
Wendeng,2159
Hailun,2160
Binzhou,2161
Linhe,2162
Wuwei,2163
Duyun,2164
Mishan,2165
Shangrao,2166
Changji,2167
Meixian,2168
Yushu,2169
Tiefa,2170
HuaiÂ¥an,2171
Leiyang,2172
Zalantun,2173
Weihai,2174
Loudi,2175
Qingzhou,2176
Qidong,2177
Huaihua,2178
Luohe,2179
Chuzhou,2180
Kaiyuan,2181
Linqing,2182
Chaohu,2183
Laohekou,2184
Dujiangyan,2185
Zhumadian,2186
Linchuan,2187
Jiaonan,2188
Sanmenxia,2189
Heyuan,2190
Manzhouli,2191
Lhasa,2192
Lianyuan,2193
Kuytun,2194
Puqi,2195
Hongjiang,2196
Qinzhou,2197
Renqiu,2198
Yuyao,2199
Guigang,2200
Kaili,2201
YanÂ¥an,2202
Beihai,2203
Xuangzhou,2204
Quzhou,2205
YongÂ¥an,2206
Zixing,2207
Liyang,2208
Yizheng,2209
Yumen,2210
Liling,2211
Yuncheng,2212
Shanwei,2213
Cixi,2214
Yuanjiang,2215
Bozhou,2216
Jinchang,2217
FuÂ¥an,2218
Suqian,2219
Shishou,2220
Hengshui,2221
Danjiangkou,2222
Fujin,2223
Sanya,2224
Guangshui,2225
Huangshan,2226
Xingcheng,2227
Zhucheng,2228
Kunshan,2229
Haining,2230
Pingliang,2231
Fuqing,2232
Xinzhou,2233
Jieyang,2234
Zhangjiagang,2235
Tong_Xian,2236
YaÂ¥an,2237
Jinzhou,2238
Emeishan,2239
Enshi,2240
Bose,2241
Yuzhou,2242
Kaiyuan,2243
Tumen,2244
Putian,2245
Linhai,2246
Xilin_Hot,2247
Shaowu,2248
Junan,2249
Huaying,2250
Pingyi,2251
Huangyan,2252
Bishkek,2253
Osh,2254
Bikenibeu,2255
Bairiki,2256
SantafÃˆ_de_BogotÂ·,2257
Cali,2258
MedellÃŒn,2259
Barranquilla,2260
Cartagena,2261
CË™cuta,2262
Bucaramanga,2263
IbaguÃˆ,2264
Pereira,2265
Santa_Marta,2266
Manizales,2267
Bello,2268
Pasto,2269
Neiva,2270
Soledad,2271
Armenia,2272
Villavicencio,2273
Soacha,2274
Valledupar,2275
MonterÃŒa,2276
ItagÂ¸ÃŒ,2277
Palmira,2278
Buenaventura,2279
Floridablanca,2280
Sincelejo,2281
PopayÂ·n,2282
Barrancabermeja,2283
Dos_Quebradas,2284
TuluÂ·,2285
Envigado,2286
Cartago,2287
Girardot,2288
Buga,2289
Tunja,2290
Florencia,2291
Maicao,2292
Sogamoso,2293
Giron,2294
Moroni,2295
Brazzaville,2296
Pointe-Noire,2297
Kinshasa,2298
Lubumbashi,2299
Mbuji-Mayi,2300
Kolwezi,2301
Kisangani,2302
Kananga,2303
Likasi,2304
Bukavu,2305
Kikwit,2306
Tshikapa,2307
Matadi,2308
Mbandaka,2309
Mwene-Ditu,2310
Boma,2311
Uvira,2312
Butembo,2313
Goma,2314
Kalemie,2315
Bantam,2316
West_Island,2317
Pyongyang,2318
Hamhung,2319
Chongjin,2320
Nampo,2321
Sinuiju,2322
Wonsan,2323
Phyongsong,2324
Sariwon,2325
Haeju,2326
Kanggye,2327
Kimchaek,2328
Hyesan,2329
Kaesong,2330
Seoul,2331
Pusan,2332
Inchon,2333
Taegu,2334
Taejon,2335
Kwangju,2336
Ulsan,2337
Songnam,2338
Puchon,2339
Suwon,2340
Anyang,2341
Chonju,2342
Chongju,2343
Koyang,2344
Ansan,2345
Pohang,2346
Chang-won,2347
Masan,2348
Kwangmyong,2349
Chonan,2350
Chinju,2351
Iksan,2352
Pyongtaek,2353
Kumi,2354
Uijongbu,2355
Kyongju,2356
Kunsan,2357
Cheju,2358
Kimhae,2359
Sunchon,2360
Mokpo,2361
Yong-in,2362
Wonju,2363
Kunpo,2364
Chunchon,2365
Namyangju,2366
Kangnung,2367
Chungju,2368
Andong,2369
Yosu,2370
Kyongsan,2371
Paju,2372
Yangsan,2373
Ichon,2374
Asan,2375
Koje,2376
Kimchon,2377
Nonsan,2378
Kuri,2379
Chong-up,2380
Chechon,2381
Sosan,2382
Shihung,2383
Tong-yong,2384
Kongju,2385
Yongju,2386
Chinhae,2387
Sangju,2388
Poryong,2389
Kwang-yang,2390
Miryang,2391
Hanam,2392
Kimje,2393
Yongchon,2394
Sachon,2395
Uiwang,2396
Naju,2397
Namwon,2398
Tonghae,2399
Mun-gyong,2400
Athenai,2401
Thessaloniki,2402
Pireus,2403
Patras,2404
Peristerion,2405
Herakleion,2406
Kallithea,2407
Larisa,2408
Zagreb,2409
Split,2410
Rijeka,2411
Osijek,2412
La_Habana,2413
Santiago_de_Cuba,2414
CamagÂ¸ey,2415
HolguÃŒn,2416
Santa_Clara,2417
GuantÂ·namo,2418
Pinar_del_RÃŒo,2419
Bayamo,2420
Cienfuegos,2421
Victoria_de_las_Tunas,2422
Matanzas,2423
Manzanillo,2424
Sancti-SpÃŒritus,2425
Ciego_de_Â¡vila,2426
al-Salimiya,2427
Jalib_al-Shuyukh,2428
Kuwait,2429
Nicosia,2430
Limassol,2431
Vientiane,2432
Savannakhet,2433
Riga,2434
Daugavpils,2435
Liepaja,2436
Maseru,2437
Beirut,2438
Tripoli,2439
Monrovia,2440
Tripoli,2441
Bengasi,2442
Misrata,2443
al-Zawiya,2444
Schaan,2445
Vaduz,2446
Vilnius,2447
Kaunas,2448
Klaipeda,2449
Ã¤iauliai,2450
Panevezys,2451
Luxembourg_[Luxemburg/LÃŽtzebuerg],2452
El-AaiË™n,2453
Macao,2454
Antananarivo,2455
Toamasina,2456
AntsirabÃˆ,2457
Mahajanga,2458
Fianarantsoa,2459
Skopje,2460
Blantyre,2461
Lilongwe,2462
Male,2463
Kuala_Lumpur,2464
Ipoh,2465
Johor_Baharu,2466
Petaling_Jaya,2467
Kelang,2468
Kuala_Terengganu,2469
Pinang,2470
Kota_Bharu,2471
Kuantan,2472
Taiping,2473
Seremban,2474
Kuching,2475
Sibu,2476
Sandakan,2477
Alor_Setar,2478
Selayang_Baru,2479
Sungai_Petani,2480
Shah_Alam,2481
Bamako,2482
Birkirkara,2483
Valletta,2484
Casablanca,2485
Rabat,2486
Marrakech,2487
FÃ‹s,2488
Tanger,2489
SalÃˆ,2490
MeknÃ‹s,2491
Oujda,2492
KÃˆnitra,2493
TÃˆtouan,2494
Safi,2495
Agadir,2496
Mohammedia,2497
Khouribga,2498
Beni-Mellal,2499
TÃˆmara,2500
El_Jadida,2501
Nador,2502
Ksar_el_Kebir,2503
Settat,2504
Taza,2505
El_Araich,2506
Dalap-Uliga-Darrit,2507
Fort-de-France,2508
Nouakchott,2509
Nouâ€šdhibou,2510
Port-Louis,2511
Beau_Bassin-Rose_Hill,2512
Vacoas-Phoenix,2513
Mamoutzou,2514
Ciudad_de_MÃˆxico,2515
Guadalajara,2516
Ecatepec_de_Morelos,2517
Puebla,2518
NezahualcÃ›yotl,2519
JuÂ·rez,2520
Tijuana,2521
LeÃ›n,2522
Monterrey,2523
Zapopan,2524
Naucalpan_de_JuÂ·rez,2525
Mexicali,2526
CuliacÂ·n,2527
Acapulco_de_JuÂ·rez,2528
Tlalnepantla_de_Baz,2529
MÃˆrida,2530
Chihuahua,2531
San_Luis_PotosÃŒ,2532
Guadalupe,2533
Toluca,2534
Aguascalientes,2535
QuerÃˆtaro,2536
Morelia,2537
Hermosillo,2538
Saltillo,2539
TorreÃ›n,2540
Centro_(Villahermosa),2541
San_NicolÂ·s_de_los_Garza,2542
Durango,2543
ChimalhuacÂ·n,2544
Tlaquepaque,2545
AtizapÂ·n_de_Zaragoza,2546
Veracruz,2547
CuautitlÂ·n_Izcalli,2548
Irapuato,2549
Tuxtla_GutiÃˆrrez,2550
TultitlÂ·n,2551
Reynosa,2552
Benito_JuÂ·rez,2553
Matamoros,2554
Xalapa,2555
Celaya,2556
MazatlÂ·n,2557
Ensenada,2558
Ahome,2559
Cajeme,2560
Cuernavaca,2561
TonalÂ·,2562
Valle_de_Chalco_Solidaridad,2563
Nuevo_Laredo,2564
Tepic,2565
Tampico,2566
Ixtapaluca,2567
Apodaca,2568
Guasave,2569
GÃ›mez_Palacio,2570
Tapachula,2571
NicolÂ·s_Romero,2572
Coatzacoalcos,2573
Uruapan,2574
Victoria,2575
Oaxaca_de_JuÂ·rez,2576
Coacalco_de_BerriozÂ·bal,2577
Pachuca_de_Soto,2578
General_Escobedo,2579
Salamanca,2580
Santa_Catarina,2581
TehuacÂ·n,2582
Chalco,2583
CÂ·rdenas,2584
Campeche,2585
La_Paz,2586
OthÃ›n_P._Blanco_(Chetumal),2587
Texcoco,2588
La_Paz,2589
Metepec,2590
Monclova,2591
Huixquilucan,2592
Chilpancingo_de_los_Bravo,2593
Puerto_Vallarta,2594
Fresnillo,2595
Ciudad_Madero,2596
Soledad_de_Graciano_SÂ·nchez,2597
San_Juan_del_RÃŒo,2598
San_Felipe_del_Progreso,2599
CÃ›rdoba,2600
TecÂ·mac,2601
Ocosingo,2602
Carmen,2603
LÂ·zaro_CÂ·rdenas,2604
Jiutepec,2605
Papantla,2606
Comalcalco,2607
Zamora,2608
Nogales,2609
Huimanguillo,2610
Cuautla,2611
MinatitlÂ·n,2612
Poza_Rica_de_Hidalgo,2613
Ciudad_Valles,2614
Navolato,2615
San_Luis_RÃŒo_Colorado,2616
PÃˆnjamo,2617
San_AndrÃˆs_Tuxtla,2618
Guanajuato,2619
Navojoa,2620
ZitÂ·cuaro,2621
Boca_del_RÃŒo,2622
Allende,2623
Silao,2624
Macuspana,2625
San_Juan_Bautista_Tuxtepec,2626
San_CristÃ›bal_de_las_Casas,2627
Valle_de_Santiago,2628
Guaymas,2629
Colima,2630
Dolores_Hidalgo,2631
Lagos_de_Moreno,2632
Piedras_Negras,2633
Altamira,2634
TË™xpam,2635
San_Pedro_Garza_GarcÃŒa,2636
CuauhtÃˆmoc,2637
Manzanillo,2638
Iguala_de_la_Independencia,2639
Zacatecas,2640
Tlajomulco_de_ZË™Ã’iga,2641
Tulancingo_de_Bravo,2642
Zinacantepec,2643
San_MartÃŒn_Texmelucan,2644
TepatitlÂ·n_de_Morelos,2645
MartÃŒnez_de_la_Torre,2646
Orizaba,2647
ApatzingÂ·n,2648
Atlixco,2649
Delicias,2650
Ixtlahuaca,2651
El_Mante,2652
Lerdo,2653
Almoloya_de_JuÂ·rez,2654
AcÂ·mbaro,2655
AcuÃ’a,2656
Guadalupe,2657
Huejutla_de_Reyes,2658
Hidalgo,2659
Los_Cabos,2660
ComitÂ·n_de_DomÃŒnguez,2661
CunduacÂ·n,2662
RÃŒo_Bravo,2663
Temapache,2664
Chilapa_de_Alvarez,2665
Hidalgo_del_Parral,2666
San_Francisco_del_RincÃ›n,2667
Taxco_de_AlarcÃ›n,2668
Zumpango,2669
San_Pedro_Cholula,2670
Lerma,2671
TecomÂ·n,2672
Las_Margaritas,2673
Cosoleacaque,2674
San_Luis_de_la_Paz,2675
JosÃˆ_Azueta,2676
Santiago_Ixcuintla,2677
San_Felipe,2678
Tejupilco,2679
Tantoyuca,2680
Salvatierra,2681
Tultepec,2682
Temixco,2683
Matamoros,2684
PÂ·nuco,2685
El_Fuerte,2686
Tierra_Blanca,2687
Weno,2688
Palikir,2689
Chisinau,2690
Tiraspol,2691
Balti,2692
Bender_(TÃ“ghina),2693
Monte-Carlo,2694
Monaco-Ville,2695
Ulan_Bator,2696
Plymouth,2697
Maputo,2698
Matola,2699
Beira,2700
Nampula,2701
Chimoio,2702
NaÃ�ala-Porto,2703
Quelimane,2704
Mocuba,2705
Tete,2706
Xai-Xai,2707
Gurue,2708
Maxixe,2709
Rangoon_(Yangon),2710
Mandalay,2711
Moulmein_(Mawlamyine),2712
Pegu_(Bago),2713
Bassein_(Pathein),2714
Monywa,2715
Sittwe_(Akyab),2716
Taunggyi_(Taunggye),2717
Meikhtila,2718
Mergui_(Myeik),2719
Lashio_(Lasho),2720
Prome_(Pyay),2721
Henzada_(Hinthada),2722
Myingyan,2723
Tavoy_(Dawei),2724
Pagakku_(Pakokku),2725
Windhoek,2726
Yangor,2727
Yaren,2728
Kathmandu,2729
Biratnagar,2730
Pokhara,2731
Lalitapur,2732
Birgunj,2733
Managua,2734
LeÃ›n,2735
Chinandega,2736
Masaya,2737
Niamey,2738
Zinder,2739
Maradi,2740
Lagos,2741
Ibadan,2742
Ogbomosho,2743
Kano,2744
Oshogbo,2745
Ilorin,2746
Abeokuta,2747
Port_Harcourt,2748
Zaria,2749
Ilesha,2750
Onitsha,2751
Iwo,2752
Ado-Ekiti,2753
Abuja,2754
Kaduna,2755
Mushin,2756
Maiduguri,2757
Enugu,2758
Ede,2759
Aba,2760
Ife,2761
Ila,2762
Oyo,2763
Ikerre,2764
Benin_City,2765
Iseyin,2766
Katsina,2767
Jos,2768
Sokoto,2769
Ilobu,2770
Offa,2771
Ikorodu,2772
Ilawe-Ekiti,2773
Owo,2774
Ikirun,2775
Shaki,2776
Calabar,2777
Ondo,2778
Akure,2779
Gusau,2780
Ijebu-Ode,2781
Effon-Alaiye,2782
Kumo,2783
Shomolu,2784
Oka-Akoko,2785
Ikare,2786
Sapele,2787
Deba_Habe,2788
Minna,2789
Warri,2790
Bida,2791
Ikire,2792
Makurdi,2793
Lafia,2794
Inisa,2795
Shagamu,2796
Awka,2797
Gombe,2798
Igboho,2799
Ejigbo,2800
Agege,2801
Ise-Ekiti,2802
Ugep,2803
Epe,2804
Alofi,2805
Kingston,2806
Oslo,2807
Bergen,2808
Trondheim,2809
Stavanger,2810
BÃŠrum,2811
Abidjan,2812
BouakÃˆ,2813
Yamoussoukro,2814
Daloa,2815
Korhogo,2816
al-Sib,2817
Salala,2818
Bawshar,2819
Suhar,2820
Masqat,2821
Karachi,2822
Lahore,2823
Faisalabad,2824
Rawalpindi,2825
Multan,2826
Hyderabad,2827
Gujranwala,2828
Peshawar,2829
Quetta,2830
Islamabad,2831
Sargodha,2832
Sialkot,2833
Bahawalpur,2834
Sukkur,2835
Jhang,2836
Sheikhupura,2837
Larkana,2838
Gujrat,2839
Mardan,2840
Kasur,2841
Rahim_Yar_Khan,2842
Sahiwal,2843
Okara,2844
Wah,2845
Dera_Ghazi_Khan,2846
Mirpur_Khas,2847
Nawabshah,2848
Mingora,2849
Chiniot,2850
Kamoke,2851
Mandi_Burewala,2852
Jhelum,2853
Sadiqabad,2854
Jacobabad,2855
Shikarpur,2856
Khanewal,2857
Hafizabad,2858
Kohat,2859
Muzaffargarh,2860
Khanpur,2861
Gojra,2862
Bahawalnagar,2863
Muridke,2864
Pak_Pattan,2865
Abottabad,2866
Tando_Adam,2867
Jaranwala,2868
Khairpur,2869
Chishtian_Mandi,2870
Daska,2871
Dadu,2872
Mandi_Bahauddin,2873
Ahmadpur_East,2874
Kamalia,2875
Khuzdar,2876
Vihari,2877
Dera_Ismail_Khan,2878
Wazirabad,2879
Nowshera,2880
Koror,2881
Ciudad_de_PanamÂ·,2882
San_Miguelito,2883
Port_Moresby,2884
AsunciÃ›n,2885
Ciudad_del_Este,2886
San_Lorenzo,2887
LambarÃˆ,2888
Fernando_de_la_Mora,2889
Lima,2890
Arequipa,2891
Trujillo,2892
Chiclayo,2893
Callao,2894
Iquitos,2895
Chimbote,2896
Huancayo,2897
Piura,2898
Cusco,2899
Pucallpa,2900
Tacna,2901
Ica,2902
Sullana,2903
Juliaca,2904
HuÂ·nuco,2905
Ayacucho,2906
Chincha_Alta,2907
Cajamarca,2908
Puno,2909
Ventanilla,2910
Castilla,2911
Adamstown,2912
Garapan,2913
Lisboa,2914
Porto,2915
Amadora,2916
CoÃŒmbra,2917
Braga,2918
San_Juan,2919
BayamÃ›n,2920
Ponce,2921
Carolina,2922
Caguas,2923
Arecibo,2924
Guaynabo,2925
MayagÂ¸ez,2926
Toa_Baja,2927
Warszawa,2928
LÃ›dz,2929
KrakÃ›w,2930
Wroclaw,2931
Poznan,2932
Gdansk,2933
Szczecin,2934
Bydgoszcz,2935
Lublin,2936
Katowice,2937
Bialystok,2938
Czestochowa,2939
Gdynia,2940
Sosnowiec,2941
Radom,2942
Kielce,2943
Gliwice,2944
Torun,2945
Bytom,2946
Zabrze,2947
Bielsko-Biala,2948
Olsztyn,2949
RzeszÃ›w,2950
Ruda_Slaska,2951
Rybnik,2952
Walbrzych,2953
Tychy,2954
Dabrowa_GÃ›rnicza,2955
Plock,2956
Elblag,2957
Opole,2958
GorzÃ›w_Wielkopolski,2959
Wloclawek,2960
ChorzÃ›w,2961
TarnÃ›w,2962
Zielona_GÃ›ra,2963
Koszalin,2964
Legnica,2965
Kalisz,2966
Grudziadz,2967
Slupsk,2968
Jastrzebie-ZdrÃ›j,2969
Jaworzno,2970
Jelenia_GÃ›ra,2971
Malabo,2972
Doha,2973
Paris,2974
Marseille,2975
Lyon,2976
Toulouse,2977
Nice,2978
Nantes,2979
Strasbourg,2980
Montpellier,2981
Bordeaux,2982
Rennes,2983
Le_Havre,2984
Reims,2985
Lille,2986
St-â€¦tienne,2987
Toulon,2988
Grenoble,2989
Angers,2990
Dijon,2991
Brest,2992
Le_Mans,2993
Clermont-Ferrand,2994
Amiens,2995
Aix-en-Provence,2996
Limoges,2997
NÃ“mes,2998
Tours,2999
Villeurbanne,3000
Metz,3001
BesanÃ�on,3002
Caen,3003
OrlÃˆans,3004
Mulhouse,3005
Rouen,3006
Boulogne-Billancourt,3007
Perpignan,3008
Nancy,3009
Roubaix,3010
Argenteuil,3011
Tourcoing,3012
Montreuil,3013
Cayenne,3014
Faaa,3015
Papeete,3016
Saint-Denis,3017
Bucuresti,3018
Iasi,3019
Constanta,3020
Cluj-Napoca,3021
Galati,3022
Timisoara,3023
Brasov,3024
Craiova,3025
Ploiesti,3026
Braila,3027
Oradea,3028
Bacau,3029
Pitesti,3030
Arad,3031
Sibiu,3032
Tâ€šrgu_Mures,3033
Baia_Mare,3034
Buzau,3035
Satu_Mare,3036
Botosani,3037
Piatra_Neamt,3038
Râ€šmnicu_Vâ€šlcea,3039
Suceava,3040
Drobeta-Turnu_Severin,3041
Tâ€šrgoviste,3042
Focsani,3043
Tâ€šrgu_Jiu,3044
Tulcea,3045
Resita,3046
Kigali,3047
Stockholm,3048
Gothenburg_[GË†teborg],3049
MalmË†,3050
Uppsala,3051
LinkË†ping,3052
Vâ€°sterÃ‚s,3053
Ã·rebro,3054
NorrkË†ping,3055
Helsingborg,3056
JË†nkË†ping,3057
UmeÃ‚,3058
Lund,3059
BorÃ‚s,3060
Sundsvall,3061
Gâ€°vle,3062
Jamestown,3063
Basseterre,3064
Castries,3065
Kingstown,3066
Saint-Pierre,3067
Berlin,3068
Hamburg,3069
Munich_[MÂ¸nchen],3070
KË†ln,3071
Frankfurt_am_Main,3072
Essen,3073
Dortmund,3074
Stuttgart,3075
DÂ¸sseldorf,3076
Bremen,3077
Duisburg,3078
Hannover,3079
Leipzig,3080
NÂ¸rnberg,3081
Dresden,3082
Bochum,3083
Wuppertal,3084
Bielefeld,3085
Mannheim,3086
Bonn,3087
Gelsenkirchen,3088
Karlsruhe,3089
Wiesbaden,3090
MÂ¸nster,3091
MË†nchengladbach,3092
Chemnitz,3093
Augsburg,3094
Halle/Saale,3095
Braunschweig,3096
Aachen,3097
Krefeld,3098
Magdeburg,3099
Kiel,3100
Oberhausen,3101
LÂ¸beck,3102
Hagen,3103
Rostock,3104
Freiburg_im_Breisgau,3105
Erfurt,3106
Kassel,3107
SaarbrÂ¸cken,3108
Mainz,3109
Hamm,3110
Herne,3111
MÂ¸lheim_an_der_Ruhr,3112
Solingen,3113
OsnabrÂ¸ck,3114
Ludwigshafen_am_Rhein,3115
Leverkusen,3116
Oldenburg,3117
Neuss,3118
Heidelberg,3119
Darmstadt,3120
Paderborn,3121
Potsdam,3122
WÂ¸rzburg,3123
Regensburg,3124
Recklinghausen,3125
GË†ttingen,3126
Bremerhaven,3127
Wolfsburg,3128
Bottrop,3129
Remscheid,3130
Heilbronn,3131
Pforzheim,3132
Offenbach_am_Main,3133
Ulm,3134
Ingolstadt,3135
Gera,3136
Salzgitter,3137
Cottbus,3138
Reutlingen,3139
FÂ¸rth,3140
Siegen,3141
Koblenz,3142
Moers,3143
Bergisch_Gladbach,3144
Zwickau,3145
Hildesheim,3146
Witten,3147
Schwerin,3148
Erlangen,3149
Kaiserslautern,3150
Trier,3151
Jena,3152
Iserlohn,3153
GÂ¸tersloh,3154
Marl,3155
LÂ¸nen,3156
DÂ¸ren,3157
Ratingen,3158
Velbert,3159
Esslingen_am_Neckar,3160
Honiara,3161
Lusaka,3162
Ndola,3163
Kitwe,3164
Kabwe,3165
Chingola,3166
Mufulira,3167
Luanshya,3168
Apia,3169
Serravalle,3170
San_Marino,3171
Sâ€žo_TomÃˆ,3172
Riyadh,3173
Jedda,3174
Mekka,3175
Medina,3176
al-Dammam,3177
al-Taif,3178
Tabuk,3179
Burayda,3180
al-Hufuf,3181
al-Mubarraz,3182
Khamis_Mushayt,3183
Hail,3184
al-Kharj,3185
al-Khubar,3186
Jubayl,3187
Hafar_al-Batin,3188
al-Tuqba,3189
Yanbu,3190
Abha,3191
AraÂ¥ar,3192
al-Qatif,3193
al-Hawiya,3194
Unayza,3195
Najran,3196
Pikine,3197
Dakar,3198
ThiÃ‹s,3199
Kaolack,3200
Ziguinchor,3201
Rufisque,3202
Saint-Louis,3203
Mbour,3204
Diourbel,3205
Victoria,3206
Freetown,3207
Singapore,3208
Bratislava,3209
KoÃ¶ice,3210
PreÃ¶ov,3211
Ljubljana,3212
Maribor,3213
Mogadishu,3214
Hargeysa,3215
Kismaayo,3216
Colombo,3217
Dehiwala,3218
Moratuwa,3219
Jaffna,3220
Kandy,3221
Sri_Jayawardenepura_Kotte,3222
Negombo,3223
Omdurman,3224
Khartum,3225
Sharq_al-Nil,3226
Port_Sudan,3227
Kassala,3228
Obeid,3229
Nyala,3230
Wad_Madani,3231
al-Qadarif,3232
Kusti,3233
al-Fashir,3234
Juba,3235
Helsinki_[Helsingfors],3236
Espoo,3237
Tampere,3238
Vantaa,3239
Turku_[â‰ˆbo],3240
Oulu,3241
Lahti,3242
Paramaribo,3243
Mbabane,3244
ZÂ¸rich,3245
Geneve,3246
Basel,3247
Bern,3248
Lausanne,3249
Damascus,3250
Aleppo,3251
Hims,3252
Hama,3253
Latakia,3254
al-Qamishliya,3255
Dayr_al-Zawr,3256
Jaramana,3257
Duma,3258
al-Raqqa,3259
Idlib,3260
Dushanbe,3261
Khujand,3262
Taipei,3263
Kaohsiung,3264
Taichung,3265
Tainan,3266
Panchiao,3267
Chungho,3268
Keelung_(Chilung),3269
Sanchung,3270
Hsinchuang,3271
Hsinchu,3272
Chungli,3273
Fengshan,3274
Taoyuan,3275
Chiayi,3276
Hsintien,3277
Changhwa,3278
Yungho,3279
Tucheng,3280
Pingtung,3281
Yungkang,3282
Pingchen,3283
Tali,3284
Taiping,3285
Pate,3286
Fengyuan,3287
Luchou,3288
Hsichuh,3289
Shulin,3290
Yuanlin,3291
Yangmei,3292
Taliao,3293
Kueishan,3294
Tanshui,3295
Taitung,3296
Hualien,3297
Nantou,3298
Lungtan,3299
Touliu,3300
Tsaotun,3301
Kangshan,3302
Ilan,3303
Miaoli,3304
Dar_es_Salaam,3305
Dodoma,3306
Mwanza,3307
Zanzibar,3308
Tanga,3309
Mbeya,3310
Morogoro,3311
Arusha,3312
Moshi,3313
Tabora,3314
KÂ¯benhavn,3315
â‰ˆrhus,3316
Odense,3317
Aalborg,3318
Frederiksberg,3319
Bangkok,3320
Nonthaburi,3321
Nakhon_Ratchasima,3322
Chiang_Mai,3323
Udon_Thani,3324
Hat_Yai,3325
Khon_Kaen,3326
Pak_Kret,3327
Nakhon_Sawan,3328
Ubon_Ratchathani,3329
Songkhla,3330
Nakhon_Pathom,3331
LomÃˆ,3332
Fakaofo,3333
NukuÂ¥alofa,3334
Chaguanas,3335
Port-of-Spain,3336
NÂ¥DjamÃˆna,3337
Moundou,3338
Praha,3339
Brno,3340
Ostrava,3341
Plzen,3342
Olomouc,3343
Liberec,3344
CeskÃˆ_Budejovice,3345
Hradec_KrÂ·lovÃˆ,3346
â�„stÃŒ_nad_Labem,3347
Pardubice,3348
Tunis,3349
Sfax,3350
Ariana,3351
Ettadhamen,3352
Sousse,3353
Kairouan,3354
Biserta,3355
GabÃ‹s,3356
Istanbul,3357
Ankara,3358
Izmir,3359
Adana,3360
Bursa,3361
Gaziantep,3362
Konya,3363
Mersin_(IÃ�el),3364
Antalya,3365
Diyarbakir,3366
Kayseri,3367
Eskisehir,3368
Sanliurfa,3369
Samsun,3370
Malatya,3371
Gebze,3372
Denizli,3373
Sivas,3374
Erzurum,3375
Tarsus,3376
Kahramanmaras,3377
Elâ€šzig,3378
Van,3379
Sultanbeyli,3380
Izmit_(Kocaeli),3381
Manisa,3382
Batman,3383
Balikesir,3384
Sakarya_(Adapazari),3385
Iskenderun,3386
Osmaniye,3387
Â«orum,3388
KÂ¸tahya,3389
Hatay_(Antakya),3390
Kirikkale,3391
Adiyaman,3392
Trabzon,3393
Ordu,3394
Aydin,3395
Usak,3396
Edirne,3397
Â«orlu,3398
Isparta,3399
KarabÂ¸k,3400
Kilis,3401
Alanya,3402
Kiziltepe,3403
Zonguldak,3404
Siirt,3405
Viransehir,3406
Tekirdag,3407
Karaman,3408
Afyon,3409
Aksaray,3410
Ceyhan,3411
Erzincan,3412
Bismil,3413
Nazilli,3414
Tokat,3415
Kars,3416
InegË†l,3417
Bandirma,3418
Ashgabat,3419
Châ€°rjew,3420
Dashhowuz,3421
Mary,3422
Cockburn_Town,3423
Funafuti,3424
Kampala,3425
Kyiv,3426
Harkova_[Harkiv],3427
Dnipropetrovsk,3428
Donetsk,3429
Odesa,3430
Zaporizzja,3431
Lviv,3432
Kryvyi_Rig,3433
Mykolajiv,3434
Mariupol,3435
Lugansk,3436
Vinnytsja,3437
Makijivka,3438
Herson,3439
Sevastopol,3440
Simferopol,3441
Pultava_[Poltava],3442
TÃ¶ernigiv,3443
TÃ¶erkasy,3444
Gorlivka,3445
Zytomyr,3446
Sumy,3447
Dniprodzerzynsk,3448
Kirovograd,3449
Hmelnytskyi,3450
TÃ¶ernivtsi,3451
Rivne,3452
KrementÃ¶uk,3453
Ivano-Frankivsk,3454
Ternopil,3455
Lutsk,3456
Bila_Tserkva,3457
Kramatorsk,3458
Melitopol,3459
KertÃ¶,3460
Nikopol,3461
Berdjansk,3462
Pavlograd,3463
Sjeverodonetsk,3464
Slovjansk,3465
Uzgorod,3466
AltÃ¶evsk,3467
LysytÃ¶ansk,3468
Jevpatorija,3469
Kamjanets-Podilskyi,3470
Jenakijeve,3471
Krasnyi_LutÃ¶,3472
Stahanov,3473
Oleksandrija,3474
Konotop,3475
Kostjantynivka,3476
BerdytÃ¶iv,3477
Izmajil,3478
Ã¤ostka,3479
Uman,3480
Brovary,3481
MukatÃ¶eve,3482
Budapest,3483
Debrecen,3484
Miskolc,3485
Szeged,3486
PÃˆcs,3487
GyË†r,3488
NyiregyhÂ·za,3489
KecskemÃˆt,3490
SzÃˆkesfehÃˆrvÂ·r,3491
Montevideo,3492
NoumÃˆa,3493
Auckland,3494
Christchurch,3495
Manukau,3496
North_Shore,3497
Waitakere,3498
Wellington,3499
Dunedin,3500
Hamilton,3501
Lower_Hutt,3502
Toskent,3503
Namangan,3504
Samarkand,3505
Andijon,3506
Buhoro,3507
Karsi,3508
Nukus,3509
KÂ¸kon,3510
Fargona,3511
Circik,3512
Margilon,3513
â€¹rgenc,3514
Angren,3515
Cizah,3516
Navoi,3517
Olmalik,3518
Termiz,3519
Minsk,3520
Gomel,3521
Mogiljov,3522
Vitebsk,3523
Grodno,3524
Brest,3525
Bobruisk,3526
BaranovitÃ¶i,3527
Borisov,3528
Pinsk,3529
OrÃ¶a,3530
Mozyr,3531
Novopolotsk,3532
Lida,3533
Soligorsk,3534
MolodetÃ¶no,3535
Mata-Utu,3536
Port-Vila,3537
Cittâ€¡_del_Vaticano,3538
Caracas,3539
MaracaÃŒbo,3540
Barquisimeto,3541
Valencia,3542
Ciudad_Guayana,3543
Petare,3544
Maracay,3545
Barcelona,3546
MaturÃŒn,3547
San_CristÃ›bal,3548
Ciudad_BolÃŒvar,3549
CumanÂ·,3550
MÃˆrida,3551
Cabimas,3552
Barinas,3553
Turmero,3554
Baruta,3555
Puerto_Cabello,3556
Santa_Ana_de_Coro,3557
Los_Teques,3558
Punto_Fijo,3559
Guarenas,3560
Acarigua,3561
Puerto_La_Cruz,3562
Ciudad_Losada,3563
Guacara,3564
Valera,3565
Guanare,3566
CarË™pano,3567
Catia_La_Mar,3568
El_Tigre,3569
Guatire,3570
Calabozo,3571
Pozuelos,3572
Ciudad_Ojeda,3573
Ocumare_del_Tuy,3574
Valle_de_la_Pascua,3575
Araure,3576
San_Fernando_de_Apure,3577
San_Felipe,3578
El_LimÃ›n,3579
Moscow,3580
St_Petersburg,3581
Novosibirsk,3582
Nizni_Novgorod,3583
Jekaterinburg,3584
Samara,3585
Omsk,3586
Kazan,3587
Ufa,3588
TÃ¶eljabinsk,3589
Rostov-na-Donu,3590
Perm,3591
Volgograd,3592
Voronez,3593
Krasnojarsk,3594
Saratov,3595
Toljatti,3596
Uljanovsk,3597
Izevsk,3598
Krasnodar,3599
Jaroslavl,3600
Habarovsk,3601
Vladivostok,3602
Irkutsk,3603
Barnaul,3604
Novokuznetsk,3605
Penza,3606
Rjazan,3607
Orenburg,3608
Lipetsk,3609
Nabereznyje_TÃ¶elny,3610
Tula,3611
Tjumen,3612
Kemerovo,3613
Astrahan,3614
Tomsk,3615
Kirov,3616
Ivanovo,3617
TÃ¶eboksary,3618
Brjansk,3619
Tver,3620
Kursk,3621
Magnitogorsk,3622
Kaliningrad,3623
Nizni_Tagil,3624
Murmansk,3625
Ulan-Ude,3626
Kurgan,3627
Arkangeli,3628
SotÃ¶i,3629
Smolensk,3630
Orjol,3631
Stavropol,3632
Belgorod,3633
Kaluga,3634
Vladimir,3635
MahatÃ¶kala,3636
TÃ¶erepovets,3637
Saransk,3638
Tambov,3639
Vladikavkaz,3640
TÃ¶ita,3641
Vologda,3642
Veliki_Novgorod,3643
Komsomolsk-na-Amure,3644
Kostroma,3645
Volzski,3646
Taganrog,3647
Petroskoi,3648
Bratsk,3649
Dzerzinsk,3650
Surgut,3651
Orsk,3652
Sterlitamak,3653
Angarsk,3654
JoÃ¶kar-Ola,3655
Rybinsk,3656
Prokopjevsk,3657
Niznevartovsk,3658
NaltÃ¶ik,3659
Syktyvkar,3660
Severodvinsk,3661
Bijsk,3662
Niznekamsk,3663
BlagoveÃ¶tÃ¶ensk,3664
Ã¤ahty,3665
Staryi_Oskol,3666
Zelenograd,3667
Balakovo,3668
Novorossijsk,3669
Pihkova,3670
Zlatoust,3671
Jakutsk,3672
Podolsk,3673
Petropavlovsk-KamtÃ¶atski,3674
Kamensk-Uralski,3675
Engels,3676
Syzran,3677
Grozny,3678
NovotÃ¶erkassk,3679
Berezniki,3680
Juzno-Sahalinsk,3681
Volgodonsk,3682
Abakan,3683
Maikop,3684
Miass,3685
Armavir,3686
Ljubertsy,3687
Rubtsovsk,3688
Kovrov,3689
Nahodka,3690
Ussurijsk,3691
Salavat,3692
MytiÃ¶tÃ¶i,3693
Kolomna,3694
Elektrostal,3695
Murom,3696
Kolpino,3697
Norilsk,3698
Almetjevsk,3699
Novomoskovsk,3700
Dimitrovgrad,3701
Pervouralsk,3702
Himki,3703
BalaÃ¶iha,3704
Nevinnomyssk,3705
Pjatigorsk,3706
Korolev,3707
Serpuhov,3708
Odintsovo,3709
Orehovo-Zujevo,3710
KamyÃ¶in,3711
NovotÃ¶eboksarsk,3712
TÃ¶erkessk,3713
AtÃ¶insk,3714
Magadan,3715
MitÃ¶urinsk,3716
Kislovodsk,3717
Jelets,3718
Seversk,3719
Noginsk,3720
Velikije_Luki,3721
NovokuibyÃ¶evsk,3722
Neftekamsk,3723
Leninsk-Kuznetski,3724
Oktjabrski,3725
Sergijev_Posad,3726
Arzamas,3727
Kiseljovsk,3728
Novotroitsk,3729
Obninsk,3730
Kansk,3731
Glazov,3732
Solikamsk,3733
Sarapul,3734
Ust-Ilimsk,3735
Ã¤tÃ¶olkovo,3736
MezduretÃ¶ensk,3737
Usolje-Sibirskoje,3738
Elista,3739
NovoÃ¶ahtinsk,3740
Votkinsk,3741
Kyzyl,3742
Serov,3743
Zelenodolsk,3744
Zeleznodoroznyi,3745
KineÃ¶ma,3746
Kuznetsk,3747
Uhta,3748
Jessentuki,3749
Tobolsk,3750
Neftejugansk,3751
Bataisk,3752
Nojabrsk,3753
BalaÃ¶ov,3754
Zeleznogorsk,3755
Zukovski,3756
Anzero-Sudzensk,3757
Bugulma,3758
Zeleznogorsk,3759
Novouralsk,3760
PuÃ¶kin,3761
Vorkuta,3762
Derbent,3763
Kirovo-TÃ¶epetsk,3764
Krasnogorsk,3765
Klin,3766
TÃ¶aikovski,3767
Novyi_Urengoi,3768
Ho_Chi_Minh_City,3769
Hanoi,3770
Haiphong,3771
Da_Nang,3772
BiÃ�n_Hoa,3773
Nha_Trang,3774
Hue,3775
Can_Tho,3776
Cam_Pha,3777
Nam_Dinh,3778
Quy_Nhon,3779
Vung_Tau,3780
Rach_Gia,3781
Long_Xuyen,3782
Thai_Nguyen,3783
Hong_Gai,3784
Phan_ThiÃ�t,3785
Cam_Ranh,3786
Vinh,3787
My_Tho,3788
Da_Lat,3789
Buon_Ma_Thuot,3790
Tallinn,3791
Tartu,3792
New_York,3793
Los_Angeles,3794
Chicago,3795
Houston,3796
Philadelphia,3797
Phoenix,3798
San_Diego,3799
Dallas,3800
San_Antonio,3801
Detroit,3802
San_Jose,3803
Indianapolis,3804
San_Francisco,3805
Jacksonville,3806
Columbus,3807
Austin,3808
Baltimore,3809
Memphis,3810
Milwaukee,3811
Boston,3812
Washington,3813
Nashville-Davidson,3814
El_Paso,3815
Seattle,3816
Denver,3817
Charlotte,3818
Fort_Worth,3819
Portland,3820
Oklahoma_City,3821
Tucson,3822
New_Orleans,3823
Las_Vegas,3824
Cleveland,3825
Long_Beach,3826
Albuquerque,3827
Kansas_City,3828
Fresno,3829
Virginia_Beach,3830
Atlanta,3831
Sacramento,3832
Oakland,3833
Mesa,3834
Tulsa,3835
Omaha,3836
Minneapolis,3837
Honolulu,3838
Miami,3839
Colorado_Springs,3840
Saint_Louis,3841
Wichita,3842
Santa_Ana,3843
Pittsburgh,3844
Arlington,3845
Cincinnati,3846
Anaheim,3847
Toledo,3848
Tampa,3849
Buffalo,3850
Saint_Paul,3851
Corpus_Christi,3852
Aurora,3853
Raleigh,3854
Newark,3855
Lexington-Fayette,3856
Anchorage,3857
Louisville,3858
Riverside,3859
Saint_Petersburg,3860
Bakersfield,3861
Stockton,3862
Birmingham,3863
Jersey_City,3864
Norfolk,3865
Baton_Rouge,3866
Hialeah,3867
Lincoln,3868
Greensboro,3869
Plano,3870
Rochester,3871
Glendale,3872
Akron,3873
Garland,3874
Madison,3875
Fort_Wayne,3876
Fremont,3877
Scottsdale,3878
Montgomery,3879
Shreveport,3880
Augusta-Richmond_County,3881
Lubbock,3882
Chesapeake,3883
Mobile,3884
Des_Moines,3885
Grand_Rapids,3886
Richmond,3887
Yonkers,3888
Spokane,3889
Glendale,3890
Tacoma,3891
Irving,3892
Huntington_Beach,3893
Modesto,3894
Durham,3895
Columbus,3896
Orlando,3897
Boise_City,3898
Winston-Salem,3899
San_Bernardino,3900
Jackson,3901
Little_Rock,3902
Salt_Lake_City,3903
Reno,3904
Newport_News,3905
Chandler,3906
Laredo,3907
Henderson,3908
Arlington,3909
Knoxville,3910
Amarillo,3911
Providence,3912
Chula_Vista,3913
Worcester,3914
Oxnard,3915
Dayton,3916
Garden_Grove,3917
Oceanside,3918
Tempe,3919
Huntsville,3920
Ontario,3921
Chattanooga,3922
Fort_Lauderdale,3923
Springfield,3924
Springfield,3925
Santa_Clarita,3926
Salinas,3927
Tallahassee,3928
Rockford,3929
Pomona,3930
Metairie,3931
Paterson,3932
Overland_Park,3933
Santa_Rosa,3934
Syracuse,3935
Kansas_City,3936
Hampton,3937
Lakewood,3938
Vancouver,3939
Irvine,3940
Aurora,3941
Moreno_Valley,3942
Pasadena,3943
Hayward,3944
Brownsville,3945
Bridgeport,3946
Hollywood,3947
Warren,3948
Torrance,3949
Eugene,3950
Pembroke_Pines,3951
Salem,3952
Pasadena,3953
Escondido,3954
Sunnyvale,3955
Savannah,3956
Fontana,3957
Orange,3958
Naperville,3959
Alexandria,3960
Rancho_Cucamonga,3961
Grand_Prairie,3962
East_Los_Angeles,3963
Fullerton,3964
Corona,3965
Flint,3966
Paradise,3967
Mesquite,3968
Sterling_Heights,3969
Sioux_Falls,3970
New_Haven,3971
Topeka,3972
Concord,3973
Evansville,3974
Hartford,3975
Fayetteville,3976
Cedar_Rapids,3977
Elizabeth,3978
Lansing,3979
Lancaster,3980
Fort_Collins,3981
Coral_Springs,3982
Stamford,3983
Thousand_Oaks,3984
Vallejo,3985
Palmdale,3986
Columbia,3987
El_Monte,3988
Abilene,3989
North_Las_Vegas,3990
Ann_Arbor,3991
Beaumont,3992
Waco,3993
Macon,3994
Independence,3995
Peoria,3996
Inglewood,3997
Springfield,3998
Simi_Valley,3999
Lafayette,4000
Gilbert,4001
Carrollton,4002
Bellevue,4003
West_Valley_City,4004
Clarksville,4005
Costa_Mesa,4006
Peoria,4007
South_Bend,4008
Downey,4009
Waterbury,4010
Manchester,4011
Allentown,4012
McAllen,4013
Joliet,4014
Lowell,4015
Provo,4016
West_Covina,4017
Wichita_Falls,4018
Erie,4019
Daly_City,4020
Citrus_Heights,4021
Norwalk,4022
Gary,4023
Berkeley,4024
Santa_Clara,4025
Green_Bay,4026
Cape_Coral,4027
Arvada,4028
Pueblo,4029
Sandy,4030
Athens-Clarke_County,4031
Cambridge,4032
Westminster,4033
San_Buenaventura,4034
Portsmouth,4035
Livonia,4036
Burbank,4037
Clearwater,4038
Midland,4039
Davenport,4040
Mission_Viejo,4041
Miami_Beach,4042
Sunrise_Manor,4043
New_Bedford,4044
El_Cajon,4045
Norman,4046
Richmond,4047
Albany,4048
Brockton,4049
Roanoke,4050
Billings,4051
Compton,4052
Gainesville,4053
Fairfield,4054
Arden-Arcade,4055
San_Mateo,4056
Visalia,4057
Boulder,4058
Cary,4059
Santa_Monica,4060
Fall_River,4061
Kenosha,4062
Elgin,4063
Odessa,4064
Carson,4065
Charleston,4066
Charlotte_Amalie,4067
Harare,4068
Bulawayo,4069
Chitungwiza,4070
Mount_Darwin,4071
Mutare,4072
Gweru,4073
Gaza,4074
Khan_Yunis,4075
Hebron,4076
Jabaliya,4077
Nablus,4078
Rafah,4079
